nm;n;k
700.000000;1.965797;0.035401
800.000000;1.948761;0.019388
