Wavelength (nm);Psi;Delta
700.000000;24.656069;67.754433
800.000000;14.264936;106.453552
