nm;n;k
700.000000;3.774520;0.009022
800.000000;3.679123;0.004060
