wvl;n;k
600.000000;3.939969;0.018204
640.000000;3.861261;0.013864
680.000000;3.800177;0.010445
720.000000;3.751493;0.007765
760.000000;3.711889;0.005676
800.000000;3.679123;0.004060
