wvl;n;k
700.000000;3.774520;0.009022
720.000000;3.751493;0.007765
740.000000;3.730720;0.006655
760.000000;3.711889;0.005676
780.000000;3.694759;0.004815
800.000000;3.679123;0.004060
