nm;n;k
700.000000;1.965797;0.035401
