Wavelength (nm);Psi;Delta
700.000000;24.656069;67.754433
