nm;n;k
700.000000;3.774520;0.009022
